suite,delay_ms,jitter_ms,rate_mbps,loss_pct,loss_correlation_pct,queue_depth_packets,common_link_category,algorithm,n_trials,n_valid_throughput,mean_throughput_mbps,median_throughput_mbps,std_throughput_mbps,sem_throughput_mbps,ci95_throughput_mbps,mean_utilization,median_utilization,std_utilization,sem_utilization,ci95_utilization,mean_retransmits,mean_retransmits_per_second,std_retransmits_per_second,sem_retransmits_per_second,ci95_retransmits_per_second,mean_rtt_ms,p95_rtt_ms,mean_cwnd_bytes,mean_snd_wnd_bytes,mean_convergence_time_s,ci95_convergence_time_s
common_links,20.0,2.0,90.0,0.01,0.0,300,Terrestrial,bbrv3,5,5,83.8791126954505,83.87450138082063,0.03737930966150693,0.01671653547102883,0.04641254308440338,0.9319901410605611,0.9319389042313404,0.0004153256629056252,0.00018573928301142815,0.0005156949231600284,147.6,0.8200002427162341,0.1132163775820087,0.05063190328793094,0.1405767000506242,,,,,3.0000762,1.7414309908511573e-05
common_links,20.0,2.0,90.0,0.01,0.0,300,Terrestrial,cubic,5,5,62.019724673697624,62.168546414128805,1.301956906113371,0.5822528291689617,1.6165930175337337,0.6891080519299736,0.6907616268236534,0.014466187845704094,0.006469475879655118,0.017962144639263676,101.2,0.5622217780472212,0.019798632136368097,0.00885421746368619,0.02458324873740839,,,,,4.4004356,3.2375569190842666
common_links,20.0,2.0,90.0,0.01,0.0,300,Terrestrial,reno,5,5,63.11385994165138,62.1573825337453,2.281387632161426,1.0202675657080467,2.83271688880218,0.7012651104627932,0.6906375837082811,0.025348751468460294,0.011336306285644967,0.031474632097802005,97.8,0.5433339521134044,0.024024298488971578,0.010743992906617185,0.029830106515857154,,,,,5.2001294,8.347573703239672
common_links,20.0,2.0,90.0,0.01,0.0,300,Terrestrial,vegas,5,5,18.635563607892387,18.798789990185476,1.3331469532104157,0.5962014422750441,1.6553205761164143,0.20706181786547098,0.20887544433539418,0.014812743924560164,0.006624460469722708,0.018392450845737925,30.6,0.1700003540710407,0.014487173662733535,0.006478861022343359,0.017988201972742025,,,,,1.4008547999999998,1.1106796574400961
common_links,80.0,8.0,50.0,0.3,0.0,667,LEO,bbrv3,5,5,45.51863940958665,45.50818727577644,0.07187539174533839,0.032143652370400774,0.08924508628697884,0.910372788191733,0.9101637455155288,0.0014375078349067468,0.0006428730474080062,0.0017849017257395513,2121.2,11.784432544411294,0.2933095807092136,0.1311720321835525,0.3641919466948725,,,,,3.6003282000000008,1.8833019704866882
common_links,80.0,8.0,50.0,0.3,0.0,667,LEO,cubic,5,5,2.955810864152908,2.9185395815857853,0.12414909420376923,0.05552116279693062,0.15415146068242813,0.05911621728305816,0.058370791631715706,0.0024829818840753854,0.0011104232559386129,0.0030830292136485643,143.8,0.7988867992577889,0.01900487683763984,0.008499239302594783,0.02359767135959404,,,,,11.0010098,23.046829966114352
common_links,80.0,8.0,50.0,0.3,0.0,667,LEO,reno,5,5,2.9232092872703417,2.9884633493721537,0.12771287563960337,0.057114934306426016,0.15857647978877035,0.05846418574540685,0.05976926698744307,0.0025542575127920656,0.0011422986861285194,0.0031715295957754045,140.8,0.7822256126342676,0.012667063987810355,0.005664883230416704,0.015728237316607552,,,,,4.4009604,4.265488886139892
common_links,80.0,8.0,50.0,0.3,0.0,667,LEO,vegas,5,5,2.763581954300825,2.7495998540844147,0.08723250058194697,0.03901156022970467,0.10831345544589265,0.05527163908601651,0.054991997081688296,0.0017446500116389371,0.0007802312045940925,0.00216626910891785,126.8,0.7044449547591827,0.03672591001214276,0.016424326264538266,0.04560124026334891,,,,,8.2017208,14.728052238659648
common_links,500.0,50.0,20.0,1.0,0.0,1667,Geo 500Ms,bbrv3,5,5,17.02420038825359,17.02780498425805,0.029868908186317263,0.01335778182366107,0.0370871479606039,0.8512100194126795,0.8513902492129025,0.0014934454093158457,0.0006678890911830457,0.0018543573980301733,2683.2,14.906654869671717,0.23630524543511552,0.10567891844653803,0.29341171584348785,,,,,2.4007136000000004,3.8870102679101484
common_links,500.0,50.0,20.0,1.0,0.0,1667,Geo 500Ms,cubic,5,5,0.4427295477121233,0.4369017005506704,0.038423583328183665,0.017183548852189257,0.04770918010058811,0.022136477385606167,0.02184508502753352,0.0019211791664091832,0.0008591774426094628,0.0023854590050294056,83.2,0.4622195323188488,0.03566125146922316,0.015948196489579444,0.04427929208022557,,,,,69.2016168,68.22073611989556
common_links,500.0,50.0,20.0,1.0,0.0,1667,Geo 500Ms,reno,5,5,0.2551538470203833,0.2504956869536365,0.027754237127825168,0.012412072176293119,0.03446143703923082,0.012757692351019164,0.012524784347681825,0.0013877118563912587,0.0006206036088146561,0.0017230718519615413,39.6,0.22000039029562876,0.013380276879512185,0.005983841732071601,0.016613808087288514,,,,,,
common_links,500.0,50.0,20.0,1.0,0.0,1667,Geo 500Ms,vegas,5,5,0.2598135631639134,0.25631851227415803,0.00781600019756987,0.003495421550783603,0.009704846055276033,0.012990678158195667,0.012815925613707901,0.0003908000098784933,0.00017477107753918007,0.00048524230276380143,40.2,0.22333312800203706,0.01068722161723325,0.004779470805347757,0.013269938322943563,,,,,,
common_links,1000.0,100.0,10.0,3.0,0.0,1667,Geo 1000Ms,bbrv3,5,5,6.887980144102492,7.5905299628912,1.0456607551351964,0.46763370597721227,1.2983593139859375,0.6887980144102493,0.7590529962891199,0.10456607551351961,0.04676337059772121,0.12983593139859373,3374.2,18.745557250884534,3.125481992093239,1.3977580393543885,3.880798466616364,,,,,29.8006784,35.28840580831479
common_links,1000.0,100.0,10.0,3.0,0.0,1667,Geo 1000Ms,cubic,5,5,0.17359776758994258,0.1689380149895017,0.021561217286609348,0.009642469506100412,0.026771787262231526,0.017359776758994264,0.01689380149895017,0.0021561217286609354,0.0009642469506100416,0.0026771787262231538,84.4,0.4688894255690731,0.036129971533022054,0.01615781447459392,0.04486128490868043,,,,,98.003021,0.0
common_links,1000.0,100.0,10.0,3.0,0.0,1667,Geo 1000Ms,reno,5,5,0.06990512697451609,0.06990495909070184,0.004119419507929724,0.0018422604095139194,0.005114934896494614,0.00699051269745161,0.006990495909070184,0.00041194195079297254,0.000184226040951392,0.0005114934896494615,33.4,0.18555572117738914,0.011520857281303582,0.005152284008013645,0.014305033714638381,,,,,,
common_links,1000.0,100.0,10.0,3.0,0.0,1667,Geo 1000Ms,vegas,5,5,0.06990516175827904,0.06990511831878186,0.004119303388497838,0.001842208479325278,0.005114790715176548,0.006990516175827906,0.006990511831878187,0.00041193033884978365,0.00018422084793252774,0.0005114790715176547,32.2,0.17888910075628903,0.009937678490419705,0.00444426492862319,0.012339257607278102,,,,,,
delay,10.0,0.0,50.0,0.0,0.0,83,,bbrv3,5,5,46.856208147042906,46.85968620262354,0.007935820654981433,0.003549006888357078,0.009853622803492279,0.937124162940858,0.9371937240524708,0.00015871641309963752,7.098013776714551e-05,0.00019707245606985656,557.8,3.0988924284747967,2.094876733138908,0.9368573559562569,2.601133020213301,,,,,3.00011,7.871111696070142e-05
delay,10.0,0.0,50.0,0.0,0.0,83,,cubic,5,5,47.82091057567111,47.82091201028916,2.4324283414802307e-05,1.0878150243893734e-05,3.0202586998264998e-05,0.9564182115134223,0.9564182402057833,4.864856682898668e-07,2.1756300487511118e-07,6.040517399576273e-07,226.4,1.257778287241206,0.02208256178144236,0.009875621852128794,0.02741912195212741,,,,,1.0003430000000002,0.00046554618187986995
delay,10.0,0.0,50.0,0.0,0.0,83,,reno,5,5,47.456170502691215,47.45368247144033,0.009761684906427155,0.004365558205140958,0.012120732710119701,0.9491234100538243,0.9490736494288066,0.00019523369812855592,8.73111641028249e-05,0.00024241465420240992,411.0,2.2833309816817535,0.041944212561629536,0.018758022110100844,0.05208061867078157,,,,,1.0000962000000002,0.00010073331597686343
delay,10.0,0.0,50.0,0.0,0.0,83,,vegas,5,5,47.102072313198526,47.809234068820096,1.5845201487115843,0.7086189528474356,1.9674416230836522,0.9420414462639706,0.9561846813764019,0.031690402974231674,0.014172379056948707,0.03934883246167303,0.0,0.0,0.0,0.0,0.0,,,,,1.0003305999999998,0.00048773424810925783
delay,20.0,0.0,50.0,0.0,0.0,167,,bbrv3,5,5,46.74086751352115,46.7431733687905,0.008883667738627653,0.003972896990618653,0.011030530403058224,0.9348173502704229,0.93486346737581,0.00017767335477255456,7.945793981237374e-05,0.00022061060806116638,93.2,0.5177772152129981,0.3411891750841184,0.15258443773503325,0.42364231527879137,,,,,3.0001588,0.00011316662188285632
delay,20.0,0.0,50.0,0.0,0.0,167,,cubic,5,5,47.822127467310125,47.82093167001414,0.002590169191631984,0.0011583588771429591,0.0032161198345059872,0.9564425493462023,0.9564186334002828,5.1803383832622714e-05,2.3167177542851592e-05,6.432239669009867e-05,58.6,0.3255560317051321,0.01501004783246226,0.006712697459781797,0.018637436004884867,,,,,1.0003585999999998,0.00045593472569411614
delay,20.0,0.0,50.0,0.0,0.0,167,,reno,5,5,47.72887257834439,47.7277126381403,0.002581756446888592,0.0011545965833182432,0.003205674032232039,0.9545774515668878,0.9545542527628059,5.163512893775794e-05,2.309193166635865e-05,6.411348064462352e-05,115.0,0.6388892010983007,0.023895372699905208,0.010686335540936145,0.02967002400513343,,,,,1.0001516000000001,3.8577603234634994e-05
delay,20.0,0.0,50.0,0.0,0.0,167,,vegas,5,5,47.813913903069874,47.81506825639268,0.0025963180112750445,0.001161108712883613,0.0032237546024882235,0.9562782780613975,0.9563013651278536,5.1926360225507854e-05,2.3222174257675373e-05,6.447509204977311e-05,0.0,0.0,0.0,0.0,0.0,,,,,1.0001802,1.7937640407807162e-05
delay,50.0,0.0,50.0,0.0,0.0,417,,bbrv3,5,5,47.10908025807352,47.12182203040255,0.057116998269224756,0.025543498160144878,0.07092012043636323,0.9421816051614703,0.942436440608051,0.0011423399653845128,0.0005108699632029054,0.0014184024087272862,0.0,0.0,0.0,0.0,0.0,,,,,1.8001075999999998,1.3601049406589403
delay,50.0,0.0,50.0,0.0,0.0,417,,cubic,5,5,47.81977423148008,47.820887037148296,0.002503055345000256,0.001119400380572952,0.003107953707398326,0.9563954846296016,0.9564177407429659,5.0061106900025135e-05,2.2388007611467995e-05,6.215907414799138e-05,57.4,0.31888922268068276,0.018257684759404473,0.008165084846758059,0.022669909856306132,,,,,1.0003264,0.00047266529606937815
delay,50.0,0.0,50.0,0.0,0.0,417,,reno,5,5,47.7940967306306,47.792011367525525,0.006597982866606635,0.0029507076408222723,0.008192477786230742,0.955881934612612,0.9558402273505106,0.00013195965733209773,5.901415281642981e-05,0.00016384955572457143,20.4,0.11333334097668077,0.010829791678397722,0.004843230075011769,0.013446962435113194,,,,,1.0003182000000002,0.0004965696714736766
delay,50.0,0.0,50.0,0.0,0.0,417,,vegas,5,5,47.81277904771933,47.81504062992323,0.0032034818634681553,0.001432640642280499,0.0039776480987671215,0.9562555809543868,0.9563008125984647,6.406963726935788e-05,2.8652812845607642e-05,7.955296197533595e-05,0.0,0.0,0.0,0.0,0.0,,,,,1.0001631999999998,4.4469949512867296e-05
delay,100.0,0.0,50.0,0.0,0.0,833,,bbrv3,5,5,46.771193228109624,46.79560189250384,0.09887635081908343,0.04421884835971751,0.1227712050858214,0.9354238645621924,0.9359120378500768,0.001977527016381648,0.000884376967194341,0.002455424101716402,0.0,0.0,0.0,0.0,0.0,,,,,1.200409,0.5553502725934868
delay,100.0,0.0,50.0,0.0,0.0,833,,cubic,5,5,47.83024511487833,47.82091094760179,0.024202766807369838,0.010823806364970903,0.03005170420163224,0.9566049022975666,0.9564182189520358,0.0004840553361473937,0.0002164761272994167,0.000601034084032641,135.4,0.7522227496065694,0.010092323992700467,0.004513424499726067,0.012531275359944263,,,,,1.0003366,0.0004647785691765687
delay,100.0,0.0,50.0,0.0,0.0,833,,reno,5,5,47.80569499071067,47.80343626710188,0.0031254179787407153,0.0013977294117128464,0.0038807189835411314,0.9561138998142134,0.9560687253420376,6.250835957484805e-05,2.795458823427202e-05,7.761437967086452e-05,4.2,0.023333304432255647,0.004648077305709192,0.002078683364047965,0.005771350251367067,,,,,1.0002202,0.00014658841371407308
delay,100.0,0.0,50.0,0.0,0.0,833,,vegas,5,5,47.81042024165888,47.809289846317796,0.0025781257939443683,0.0011529729059610446,0.003201165981181224,0.9562084048331776,0.956185796926356,5.156251587887225e-05,2.305945811921413e-05,6.40233196236057e-05,0.0,0.0,0.0,0.0,0.0,,,,,1.000164,2.368943925746657e-05
delay,200.0,0.0,50.0,0.0,0.0,1667,,bbrv3,5,5,46.5988089526236,46.679351517954025,0.13600511711213645,0.060823337430111396,0.16887265748962685,0.9319761790524719,0.9335870303590805,0.002720102342242725,0.001216466748602226,0.0033774531497925316,0.0,0.0,0.0,0.0,0.0,,,,,1.0004914,0.0005944430567827321
delay,200.0,0.0,50.0,0.0,0.0,1667,,cubic,5,5,47.820899895663345,47.820901649089265,2.113267526876427e-05,9.450819689477109e-06,2.62396820669557e-05,0.9564179979132668,0.9564180329817853,4.2265350536326257e-07,1.890163937841654e-07,5.247936413241856e-07,324.2,1.8011114459818256,0.010686464886824142,0.004779132385220675,0.013268998718038223,,,,,1.2002688000000004,0.5555321001977825
delay,200.0,0.0,50.0,0.0,0.0,1667,,reno,5,5,47.813949073895664,47.815032395116404,0.004880338637168536,0.002182553789185506,0.006059740784815006,0.9562789814779131,0.956300647902328,9.760677274337677e-05,4.365107578371282e-05,0.00012119481569630762,1.6,0.008888899240793623,0.0030429104200727797,0.001360830909745035,0.00377827231836347,,,,,1.0003396,0.0004597508063834023
delay,200.0,0.0,50.0,0.0,0.0,1667,,vegas,5,5,47.81276087713405,47.809278159593205,0.005198989652798662,0.0023250588555951673,0.006455398278913998,0.9562552175426811,0.9561855631918641,0.00010397979305595866,4.650117711189683e-05,0.00012910796557826187,0.0,0.0,0.0,0.0,0.0,,,,,1.00016,4.5435402272525845e-05
delay,500.0,0.0,50.0,0.0,0.0,4167,,bbrv3,5,5,44.93259308495707,44.8501855707975,0.31314526723101,0.14004282087217512,0.3888212045286427,0.8986518616991415,0.89700371141595,0.006262905344620206,0.002800856417443505,0.007776424090572862,0.0,0.0,0.0,0.0,0.0,,,,,1.8004740000000001,2.221532341702862
delay,500.0,0.0,50.0,0.0,0.0,4167,,cubic,5,5,47.820866952608995,47.82092263716552,0.00011549256885704326,5.164984697208478e-05,0.00014340296480986014,0.95641733905218,0.9564184527433105,2.3098513771427892e-06,1.032996939442556e-06,2.8680592961995913e-06,1101.8,6.121108034264692,0.021301807966819013,0.009526458131490778,0.02644968804904934,,,,,1.000183,1.3798680782202783e-05
delay,500.0,0.0,50.0,0.0,0.0,4167,,reno,5,5,47.81970452481828,47.82085781329319,0.0025965064093846873,0.0011611929670796116,0.0032239885296382964,0.9563940904963655,0.9564171562658638,5.193012818771808e-05,2.3223859341603117e-05,6.447977059279615e-05,0.0,0.0,0.0,0.0,0.0,,,,,1.0001446,2.8674105636424674e-05
delay,500.0,0.0,50.0,0.0,0.0,4167,,vegas,5,5,47.66125670562276,47.82064368322628,0.2193034840428197,0.09807549960445705,0.27230124081662344,0.9532251341124551,0.9564128736645255,0.00438606968085636,0.001961509992089126,0.005446024816332427,0.0,0.0,0.0,0.0,0.0,,,,,1.0003808,0.00037271373860739697
delay,1000.0,0.0,50.0,0.0,0.0,8333,,bbrv3,5,5,43.0323880285296,43.2188314771286,0.6030960189828898,0.26971273908104904,0.7488426142310697,0.8606477605705921,0.8643766295425721,0.01206192037965778,0.005394254781620973,0.014976852284621372,0.0,0.0,0.0,0.0,0.0,,,,,1.0001773999999999,0.000165329321502261
delay,1000.0,0.0,50.0,0.0,0.0,8333,,cubic,5,5,47.82099240303226,47.820977365653576,0.00013527697298474438,6.049770147685821e-05,0.0001679685471411406,0.956419848060645,0.9564195473130715,2.705539459678111e-06,1.2099540295296614e-06,3.359370942801981e-06,2873.8,15.96558936168005,0.04702473809712859,0.021030102201860728,0.05838892432016567,,,,,3.2002936000000006,2.5448591654042145
delay,1000.0,0.0,50.0,0.0,0.0,8333,,reno,5,5,47.8185280671675,47.82063916685595,0.0031139703061383215,0.0013926098568882235,0.0038665048206075153,0.95637056134335,0.956412783337119,6.227940612278059e-05,2.7852197137770803e-05,7.733009641216789e-05,0.0,0.0,0.0,0.0,0.0,,,,,1.0003544,0.0004645355260863556
delay,1000.0,0.0,50.0,0.0,0.0,8333,,vegas,5,5,39.79460846903311,42.898179024217,7.440662819721824,3.327565572510652,9.238803146021912,0.7958921693806621,0.85796358048434,0.1488132563944365,0.06655131145021305,0.18477606292043824,0.0,0.0,0.0,0.0,0.0,,,,,1.0002922,0.0005315158809180271
loss,50.0,0.0,50.0,0.0,0.0,417,,bbrv3,5,5,47.052016060020755,47.02887919525802,0.0794081881107373,0.03551242131713984,0.09859828833969486,0.9410403212004151,0.9405775839051604,0.0015881637622147428,0.0007102484263427953,0.001971965766793893,0.0,0.0,0.0,0.0,0.0,,,,,1.0003237999999999,0.0005119529884954132
loss,50.0,0.0,50.0,0.0,0.0,417,,cubic,5,5,47.81858826919523,47.82088198938896,0.003188200890480957,0.0014258067834081564,0.003958674264751394,0.9563717653839046,0.9564176397877792,6.376401780965572e-05,2.8516135668179486e-05,7.917348529507329e-05,55.6,0.30888906792610227,0.015515881742460061,0.006938913261397716,0.01926551175999978,,,,,1.0001996,5.713408647555076e-05
loss,50.0,0.0,50.0,0.0,0.0,417,,reno,5,5,47.79528555675839,47.791817013130014,0.011348946992671227,0.005075403389730934,0.014091578898322767,0.9559057111351678,0.9558363402626003,0.00022697893985342034,0.00010150806779461681,0.00028183157796645016,19.8,0.11000006224697294,0.010686354824183843,0.004779083163711577,0.01326886205722022,,,,,1.0001548,3.411074965318806e-05
loss,50.0,0.0,50.0,0.0,0.0,417,,vegas,5,5,47.808058358496204,47.809230615931654,0.002555625674240527,0.0011429105465291102,0.0031732283925896888,0.9561611671699239,0.956184612318633,5.1112513484794914e-05,2.285821093057522e-05,6.346456785177439e-05,0.0,0.0,0.0,0.0,0.0,,,,,1.0001818,9.948820678913194e-06
loss,50.0,0.0,50.0,0.01,0.0,417,,bbrv3,5,5,47.02857147689075,47.04004924419822,0.11298974767491962,0.05053055131233381,0.1402953018540754,0.940571429537815,0.9408009848839645,0.002259794953498391,0.0010106110262466756,0.0028059060370815066,74.2,0.4122216195646164,0.053776414280423755,0.024049543583443588,0.06677223756449308,,,,,1.2002793999999999,0.5557697650646789
loss,50.0,0.0,50.0,0.01,0.0,417,,cubic,5,5,30.27236618061911,31.002921869004165,1.9321480170242924,0.8640828617315477,2.399078631939862,0.6054473236123823,0.6200584373800833,0.03864296034048583,0.017281657234630945,0.04798157263879722,51.2,0.2844441844688239,0.026469348782283516,0.011837452639467444,0.03286603743886015,,,,,6.600349799999999,13.562418707587096
loss,50.0,0.0,50.0,0.01,0.0,417,,reno,5,5,28.810271440510586,28.719491108283936,2.5655880212286566,1.1473658435452898,3.185598280182463,0.5762054288102118,0.5743898221656787,0.05131176042457313,0.022947316870905798,0.06371196560364926,42.8,0.23777833736090176,0.019404959907669085,0.008678161890841222,0.024094440103940185,,,,,6.2003984,6.415679208736992
loss,50.0,0.0,50.0,0.01,0.0,417,,vegas,5,5,21.40495956300962,23.76768331794651,6.472726884455478,2.894691462686575,8.036951942633998,0.4280991912601924,0.47535366635893017,0.12945453768910956,0.057893829253731495,0.16073903885267993,31.6,0.1755557535087344,0.06341630338986348,0.028360633052297017,0.07874174081836095,,,,,3.8004130000000003,3.44523706053045
loss,50.0,0.0,50.0,0.1,0.0,417,,bbrv3,5,5,46.99368226681282,46.95292554417554,0.06661692274842264,0.029791993543465026,0.0827158346478379,0.9398736453362563,0.9390585108835109,0.0013323384549684466,0.0005958398708692977,0.00165431669295675,751.8,4.176666566858432,0.16667853205296546,0.07454090561206167,0.20695873252361974,,,,,1.6001262,1.6658787262294878
loss,50.0,0.0,50.0,0.1,0.0,417,,cubic,5,5,8.429368777060741,8.45270896405483,0.3683790649529211,0.1647441261445084,0.45740302264400906,0.16858737554121486,0.1690541792810966,0.0073675812990584245,0.003294882522890169,0.009148060452880184,137.4,0.7633316926211501,0.015008350929508961,0.006711938581710838,0.01863532902157931,,,,,5.200941,7.470784338536667
loss,50.0,0.0,50.0,0.1,0.0,417,,reno,5,5,8.91173085996154,8.8487824843826,0.48337716505799155,0.21617283996816103,0.6001920234063077,0.17823461719923078,0.176975649687652,0.009667543301159837,0.004323456799363223,0.012003840468126163,134.0,0.7444441600755203,0.027495578863596555,0.012296396683941663,0.03414027038470027,,,,,9.801349400000001,7.207233383686431
loss,50.0,0.0,50.0,0.1,0.0,417,,vegas,5,5,8.8592981768868,8.81384242417145,0.1970958575072918,0.08814394709398334,0.24472683046190377,0.17718596353773597,0.17627684848342898,0.0039419171501458425,0.0017628789418796696,0.004894536609238083,143.8,0.7988885187649518,0.02056247052962447,0.009195816377915283,0.02553167937076064,,,,,8.4009634,9.02214357623378
loss,50.0,0.0,50.0,0.5,0.0,417,,bbrv3,5,5,46.48908281219191,46.47525489450523,0.032061509854847646,0.01433834309934375,0.03980962251481959,0.9297816562438381,0.9295050978901045,0.0006412301970969547,0.00028676686198687574,0.0007961924502963939,3647.4,20.263281887304156,0.24647680793114335,0.11022777948223916,0.30604137880028526,,,,,1.4001291999999999,1.1105522228560447
loss,50.0,0.0,50.0,0.5,0.0,417,,cubic,5,5,3.580305390955676,3.576823492124688,0.1140401248602105,0.05100029426999888,0.14159951738958573,0.07160610781911352,0.07153646984249376,0.002280802497204211,0.001020005885399978,0.002831990347791716,272.4,1.5133338679681902,0.04437689439504435,0.019845950499529714,0.055101192122417084,,,,,4.8012006,7.15427706606487
loss,50.0,0.0,50.0,0.5,0.0,417,,reno,5,5,3.706133432594398,3.728269497280931,0.10300296788194263,0.04606432761365025,0.12789507692714705,0.07412266865188796,0.07456538994561862,0.0020600593576388503,0.0009212865522730039,0.0025579015385429377,291.6,1.6200000822202398,0.05687574238576826,0.025435605249068776,0.07062056169152044,,,,,6.601350399999999,3.2380085186370473
loss,50.0,0.0,50.0,0.5,0.0,417,,vegas,5,5,3.699134211741854,3.798156635719633,0.15202221749527042,0.06798640248193649,0.18876051439098004,0.07398268423483709,0.07596313271439266,0.003040444349905408,0.0013597280496387295,0.0037752102878196,293.4,1.6299960627799657,0.07022927645360465,0.03140748723217707,0.08720116419234038,,,,,6.6012108,9.480675023022895
loss,50.0,0.0,50.0,1.0,0.0,417,,bbrv3,5,5,46.17006838139934,46.184163160451206,0.03104997879231808,0.01388597265591001,0.03855364081141183,0.9234013676279866,0.9236832632090242,0.0006209995758463433,0.000277719453118192,0.0007710728162282137,7285.4,40.474533917724784,0.17177646484404407,0.07682077046517707,0.2132886521355645,,,,,1.0006616000000002,0.0006338141957750508
loss,50.0,0.0,50.0,1.0,0.0,417,,cubic,5,5,2.28938799218805,2.3243462042299736,0.06315105986609607,0.028242012542349912,0.07841239748414225,0.045787759843761,0.04648692408459947,0.0012630211973219203,0.0005648402508469978,0.001568247949682844,364.4,2.0244418084113533,0.07979709571572255,0.035686346085482566,0.0990811809114327,,,,,14.8017056,30.871910951050612
loss,50.0,0.0,50.0,1.0,0.0,417,,reno,5,5,2.4967788484824753,2.4758125320987157,0.09012467798246927,0.040304981283815974,0.11190456800053976,0.04993557696964951,0.04951625064197431,0.001802493559649386,0.0008060996256763198,0.0022380913600107957,393.8,2.187779885142292,0.05629137346594252,0.02517426752333508,0.0698949718421036,,,,,20.401505800000002,15.272586301309499
loss,50.0,0.0,50.0,1.0,0.0,417,,vegas,5,5,2.425710700640303,2.41755298897731,0.08004130211003695,0.03579555850512799,0.09938440319938405,0.04851421401280607,0.0483510597795462,0.0016008260422007397,0.0007159111701025601,0.001987688063987682,387.4,2.1522266583246745,0.04772795155635712,0.021344588821366278,0.059262079155542054,,,,,7.601613,6.366985803362216
loss,50.0,0.0,50.0,3.0,0.0,417,,bbrv3,5,5,45.2962450426502,45.29870692528032,0.016815533187120656,0.0075201350568610955,0.020879242169048358,0.905924900853004,0.9059741385056064,0.0003363106637423959,0.0001504027011372142,0.0004175848433809458,21822.2,121.23469150130086,0.9390663448687482,0.4199632365017563,1.166004872348327,,,,,2.4008408,2.4200948194952754
loss,50.0,0.0,50.0,3.0,0.0,417,,cubic,5,5,1.112656905273386,1.106824091646559,0.02823901856935671,0.012628873027792092,0.03506337270217786,0.022253138105467717,0.022136481832931182,0.0005647803713871342,0.00025257746055584187,0.0007012674540435572,528.2,2.9344480847784777,0.06911322154953889,0.03090837230575446,0.08581539899794317,,,,,1.2019028,0.5550014889584074
loss,50.0,0.0,50.0,3.0,0.0,417,,reno,5,5,1.2547992516139608,1.2408206755756819,0.02811171223481256,0.012571939904190681,0.0349053010098311,0.025095985032279222,0.024816413511513636,0.0005622342446962518,0.0002514387980838139,0.0006981060201966228,608.0,3.3777869672698153,0.027766218413821833,0.0124174303702824,0.03447631377070506,,,,,46.8013618,56.67893971874442
loss,50.0,0.0,50.0,3.0,0.0,417,,vegas,5,5,1.0951746010938392,1.07188813384326,0.08835024080039941,0.0395114288516337,0.10970131323448948,0.021903492021876782,0.0214377626768652,0.0017670048160079884,0.000790228577032674,0.0021940262646897896,516.4,2.868876383785087,0.056089068623912615,0.025083794047543836,0.06964377720309277,,,,,12.201485,27.756381085693928
rate,50.0,0.0,1.0,0.0,0.0,8,,bbrv3,5,5,0.9437217575641244,0.9437198680086836,3.73521213140898e-06,1.6704376472424712e-06,4.637878429224486e-06,0.9437217575641244,0.9437198680086836,3.73521213140898e-06,1.6704376472424712e-06,4.637878429224486e-06,796.0,4.422237696453861,0.18541866064905804,0.08292174590165181,0.2302276755230968,,,,,4.0016844,0.0007804155056820503
rate,50.0,0.0,1.0,0.0,0.0,8,,cubic,5,5,0.9495480530368825,0.9495505429299538,7.746491456025147e-06,3.46433629655871e-06,9.6185395533395e-06,0.9495480530368825,0.9495505429299538,7.746491456025147e-06,3.46433629655871e-06,9.6185395533395e-06,236.0,1.311116948812113,0.007855931944741011,0.0035132795710106045,0.009754427868123815,,,,,1.0019404,0.0005308833127777136
rate,50.0,0.0,1.0,0.0,0.0,8,,reno,5,5,0.9006087345542662,0.902931415130293,0.0031871818932751304,0.001425351074003934,0.003957409012606649,0.9006087345542662,0.902931415130293,0.0031871818932751304,0.001425351074003934,0.003957409012606649,587.0,3.2611055154869697,0.018828631434987638,0.008420419962384353,0.02337883378827187,,,,,2.6025093999999998,1.8827608076573872
rate,50.0,0.0,1.0,0.0,0.0,8,,vegas,5,5,0.8738107431026222,0.8738119789247659,0.052267424748984416,0.023374702949516806,0.06489857958963849,0.8738107431026222,0.8738119789247659,0.052267424748984416,0.023374702949516806,0.06489857958963849,169.2,0.9399965954737743,0.6105687573846165,0.2730546492899158,0.7581212444724883,,,,,1.4022372,1.1109975405069847
rate,50.0,0.0,5.0,0.0,0.0,42,,bbrv3,5,5,4.668497622457155,4.666182772044405,0.003200225598366171,0.0014311843962563396,0.003973604911621381,0.9336995244914309,0.9332365544088811,0.0006400451196732201,0.00028623687925126163,0.0007947209823242587,81.2,0.4511110871287311,0.24540158983102886,0.10974692732974033,0.30470631919515606,,,,,58.668973666666666,72.00878650846886
rate,50.0,0.0,5.0,0.0,0.0,42,,cubic,5,5,4.782650638698816,4.78266720719209,6.555193911600107e-05,2.931571838406117e-05,8.139348281278376e-05,0.9565301277397632,0.956533441438418,1.31103878232036e-05,5.863143676813748e-06,1.6278696562560957e-05,89.4,0.49666450181229915,0.0030462758963197842,0.0013623359964780278,0.003782451109056186,,,,,,
rate,50.0,0.0,5.0,0.0,0.0,42,,reno,5,5,4.746561844510431,4.747725256777693,0.0026093736612832472,0.0011669473770653702,0.0032399653330765573,0.9493123689020863,0.9495450513555387,0.0005218747322566297,0.00023338947541306522,0.0006479930666152869,188.2,1.0455572828461508,0.0072445745095657075,0.0032398722142902244,0.008995327350832447,,,,,,
rate,50.0,0.0,5.0,0.0,0.0,42,,vegas,5,5,4.776853563326101,4.776859013589136,0.004104714570578685,0.0018356841616095595,0.005096676305189987,0.9553707126652201,0.9553718027178272,0.000820942914115737,0.00036713683232191186,0.0010193352610379971,0.0,0.0,0.0,0.0,0.0,,,,,,
rate,50.0,0.0,10.0,0.0,0.0,83,,bbrv3,5,5,9.326513330318296,9.326507454519065,3.2705815608217004e-05,1.462648539190937e-05,4.0609633772613874e-05,0.9326513330318298,0.9326507454519065,3.2705815608184254e-06,1.4626485391894724e-06,4.060963377257321e-06,255.8,1.4211131723258168,0.322687166209846,0.14431008782239776,0.40066903696516076,,,,,3.200663,0.5555883370998002
rate,50.0,0.0,10.0,0.0,0.0,83,,cubic,5,5,9.56418867326747,9.56532670898926,0.0026111656388566945,0.001167748773799047,0.003242190367115095,0.9564188673267469,0.9565326708989261,0.00026111656388567945,0.00011677487737990917,0.00032421903671152195,63.0,0.35000039277574985,0.003929461911934979,0.0017573087900165812,0.004879071388362603,,,,,1.0009546,0.0014334884756408972
rate,50.0,0.0,10.0,0.0,0.0,83,,reno,5,5,9.515263079704088,9.512980339852797,0.0031681754772264472,0.0014168511463452345,0.003933809430064116,0.9515263079704088,0.9512980339852797,0.00031681754772266475,0.0001416851146345324,0.0003933809430064365,101.2,0.562223325015278,0.008241398775908486,0.003685665578522986,0.010233048154886158,,,,,2.0006972,2.7765088542842022
rate,50.0,0.0,10.0,0.0,0.0,83,,vegas,5,5,9.552528048428929,9.55366293424116,0.0048702381187784305,0.002178036700039853,0.0060471993347668155,0.9552528048428931,0.955366293424116,0.00048702381187786035,0.00021780367000399304,0.0006047199334767031,0.0,0.0,0.0,0.0,0.0,,,,,1.0004218000000002,0.0004243280212815019
rate,50.0,0.0,25.0,0.0,0.0,208,,bbrv3,5,5,23.28775115339055,23.28423797617024,0.01211435851676529,0.005417705829458143,0.015041962831600642,0.931510046135622,0.9313695190468095,0.00048457434067059404,0.00021670823317831785,0.0006016785132640038,317.4,1.763337057151158,0.8751543711791464,0.3913809329525308,1.086647675563802,,,,,3.4004076,0.6797898211801418
rate,50.0,0.0,25.0,0.0,0.0,208,,cubic,5,5,23.90985877538873,23.91331291977941,0.00523291241253531,0.002340229574946275,0.006497518948398711,0.9563943510155491,0.9565325167911765,0.00020931649650140816,9.36091829978491e-05,0.00025990075793594315,52.4,0.2911110877548847,0.0395969261305913,0.01770828370560797,0.04916607761588918,,,,,1.0003039999999999,0.00018856334806841978
rate,50.0,0.0,25.0,0.0,0.0,208,,reno,5,5,23.876098767686774,23.878439781994576,0.00326614560815857,0.0014606647208509909,0.004055455414541843,0.9550439507074711,0.955137591279783,0.0001306458243263426,5.842658883403954e-05,0.00016221821658167344,38.8,0.2155557504840114,0.012668285477743709,0.005665429497321666,0.015729753996681965,,,,,1.000629,0.0006024534014361996
rate,50.0,0.0,25.0,0.0,0.0,208,,vegas,5,5,23.83293649270016,23.83181965537986,0.013285113935289883,0.005941283569627584,0.016495647685484612,0.9533174597080063,0.9532727862151944,0.0005314045574115732,0.0002376513427850935,0.000659825907419357,0.0,0.0,0.0,0.0,0.0,,,,,1.000571,0.0005413783184046568
rate,50.0,0.0,50.0,0.0,0.0,417,,bbrv3,5,5,47.04956507027739,47.05775705106334,0.0558090365890716,0.024958559914387418,0.06929607150708694,0.9409913014055478,0.9411551410212669,0.0011161807317814527,0.0004991711982877576,0.0013859214301417645,1.8,0.00999999777777827,0.02236067480595905,0.00999999777777827,0.027764444882101346,,,,,1.0001042,9.421685545873168e-05
rate,50.0,0.0,50.0,0.0,0.0,417,,cubic,5,5,47.82082928035967,47.82085861030694,9.196214953137373e-05,4.112672354183042e-05,0.00011418609027053815,0.9564165856071936,0.9564171722061389,1.8392429906336224e-06,8.225344708393577e-07,2.2837218054183962e-06,59.2,0.32888846074228095,0.004647793045570591,0.0020785562390493234,0.005770997295786839,,,,,1.0001630000000001,4.154474885985127e-05
rate,50.0,0.0,50.0,0.0,0.0,417,,reno,5,5,47.79061528807684,47.791763911111104,0.0026096298617424704,0.0011670619533939084,0.0032402834479630985,0.9558123057615369,0.9558352782222221,5.2192597234849044e-05,2.3341239067878e-05,6.480566895926151e-05,20.4,0.11333337395682955,0.011520268611268635,0.005152020746770753,0.014304302784249165,,,,,1.0001618,2.2732965560609656e-05
rate,50.0,0.0,50.0,0.0,0.0,417,,vegas,5,5,47.802225073640486,47.809060096984744,0.01038666467459399,0.004645057654377579,0.012896747587858198,0.9560445014728097,0.9561812019396949,0.0002077332934918952,9.290115308755846e-05,0.000257934951757183,0.0,0.0,0.0,0.0,0.0,,,,,1.0000996,7.719615907659074e-05
rate,50.0,0.0,75.0,0.0,0.0,625,,bbrv3,5,5,70.68799911540934,70.64493453607474,0.1577078521733975,0.07052909560904094,0.1958201622777493,0.9425066548721246,0.9419324604809965,0.0021027713623119892,0.0009403879414538895,0.0026109354970366857,0.0,0.0,0.0,0.0,0.0,,,,,1.0002408,0.0004762573798121367
rate,50.0,0.0,75.0,0.0,0.0,625,,cubic,5,5,71.73192903885831,71.7339061172602,0.003196407340412776,0.0014294768193884556,0.003968863918184795,0.9564257205181107,0.9564520815634694,4.261876453885264e-05,1.9059690925186396e-05,5.2918185575816674e-05,56.2,0.3122222477686768,0.09081245652531021,0.04061256519886759,0.1127585578559224,,,,,1.0001136000000002,2.4827070867901613e-05
rate,50.0,0.0,75.0,0.0,0.0,625,,reno,5,5,71.69572489903399,71.6989318432135,0.005144857717565233,0.0023008503182080546,0.006388184603781551,0.9559429986537866,0.9559857579095133,6.859810290086584e-05,3.0678004242772305e-05,8.517579471708246e-05,14.4,0.07999991014858114,0.010829729975478423,0.004843202480627377,0.013446885820819716,,,,,1.0001034,1.627480031909787e-05
rate,50.0,0.0,75.0,0.0,0.0,625,,vegas,5,5,71.71677448681983,71.71678692270856,0.0040056227299273125,0.0017913689432671504,0.004973637534137433,0.9562236598242644,0.9562238256361142,5.340830306568355e-05,2.3884919243555767e-05,6.631516712181512e-05,0.0,0.0,0.0,0.0,0.0,,,,,1.0002887999999999,0.0005084545090843407
